<?xml version="1.0"?>
<opencv_storage>
<stage0>
  <maxWeakCount>5</maxWeakCount>
  <stageThreshold>-2.7661144733428955e-01</stageThreshold>
  <weakClassifiers>
    <_>
      <internalNodes>
        0 -1 71481 3.9459629915654659e-03</internalNodes>
      <leafValues>
        -6.1730450391769409e-01 9.2982459068298340e-01</leafValues></_>
    <_>
      <internalNodes>
        0 -1 68325 4.3377270922064781e-03</internalNodes>
      <leafValues>
        -5.5188727378845215e-01 8.9987999200820923e-01</leafValues></_>
    <_>
      <internalNodes>
        0 -1 484 4.6573478728532791e-02</internalNodes>
      <leafValues>
        -9.6563458442687988e-01 5.7450753450393677e-01</leafValues></_>
    <_>
      <internalNodes>
        0 -1 103371 -2.3183578625321388e-02</internalNodes>
      <leafValues>
        9.8061692714691162e-01 -5.0171709060668945e-01</leafValues></_>
    <_>
      <internalNodes>
        0 -1 16314 -2.3245286196470261e-02</internalNodes>
      <leafValues>
        9.8424357175827026e-01 -5.7416927814483643e-01</leafValues></_></weakClassifiers></stage0>
</opencv_storage>
